832774,0,SpaceX
53357431,0,History of SpaceX
59118602,0,SpaceX Starship
73675805,0,SpaceX Starship (spacecraft)
73652974,0,SpaceX Super Heavy
61632973,0,SpaceX Starship flight tests
70891779,0,SpaceX Starship integrated flight test 1
75324787,0,SpaceX Starship integrated flight test 2
75571063,0,SpaceX Starship integrated flight test 3
76360397,0,SpaceX Starship integrated flight test 4
76363191,0,SpaceX Starship integrated flight test 5
76981685,0,SpaceX Starship integrated flight test 6
39137784,0,SpaceX Starbase
2647515,0,Falcon 9
31406060,0,Falcon Heavy
18426568,0,NASA
31368179,0,Space Launch System
60758751,0,Artemis program
36641570,0,Artemis 1
41391511,0,Artemis 2
50493439,0,Artemis 3
60843437,0,Artemis 4
60843438,0,Artemis 5
4164089,0,United Launch Alliance
1824778,0,Atlas V
46401361,0,Vulcan Centaur
887418,0,Blue Origin
6385385,0,New Shepard
51585988,0,New Glenn
25113585,0,Rocket Lab
43438599,0,Rocket Lab Electron
255083,0,Josephine Baker
14473722,0,Alabama wine
59606172,0,George Michael: A Different Story
38922953,0,Chandangaon
42509146,0,Clocaenog
37408977,0,Horseshoe run
64060612,0,Albert William Wolters
2982400,0,Tharrawaddy Min
73987431,0,Hulle (surname)
36696210,0,Ford City Armory
42787137,0,Propaganda discography
54378446,0,2013 Men's Australian Hockey League
74011103,0,Oligodon everetti
5541530,0,Memoirs of a Geisha (film)
57723446,0,ParentCircle
27415259,0,Kazakhstani women's football championship
3356090,0,Butterstick
13093500,0,Hans Ertel
19932108,0,1997–98 United States network television schedule (late night)
20793275,0,Pseudocharis
37552376,0,James & Ernie
37332961,0,"Deh Gah, Masjed Soleyman"
52954562,0,Fred Colter
2181516,0,Internet Service Providers Association (United Kingdom)
58337916,0,Yuriy Fedechko
58004434,0,Hideroku Hara
71663984,0,"Newala Town Council, Mtwara"
5409298,0,Orcadian dialect
21886823,0,Golczewo-Gaj
11575116,0,Pierre Gibault
5315125,0,James V. Grimaldi
18505732,0,"Tom Thumb House (Middleborough, Massachusetts)"
59734184,0,Exits (song)
3497373,0,Mykhailo Andriienko-Nechytailo
67504696,0,Pinaka vina
38590604,0,Kunes Chapel
36796521,0,Van Klaveren
63370132,0,Czeslaw Sokolowski
22102994,0,Additional CPF Housing Grant
30007253,0,Buck Sweeney
12925202,0,Helen Nishikawa
30240733,0,John Mathews (professor)
70566397,0,Herman M. Albert
28574063,0,Oracle Fusion
550752,0,Punjabi cuisine
66822209,0,Emma Steinbakken
20740382,0,Manonichthys polynemus
16774572,0,Malaysia men's national basketball team
43886454,0,Elachista turgonella
6839865,0,Canna glauca
40459282,0,Jim Coughlan
43472,0,Nine men's morris
3205393,0,American Falls Dam
34054356,0,Cochlospermum religiosum
44299248,0,Cut Out + Keep
8383123,0,Shelley Blond
18866082,0,Northwell Health
7732952,0,Iceland at the 1948 Winter Olympics
41553597,0,Sherwin Raiken
22258369,0,The Futurist
52405109,0,Damon Jesse Gause
6282234,0,Toronto Ontarios
21131175,0,1970–71 Greek Football Cup
14880321,0,OR1L3
25107489,0,Aechmea cymosopaniculata
28384208,0,Svjetliča
57524290,0,Tonight (Rüfüs song)
22098201,0,Mother and Son (disambiguation)
27260042,0,Delegation (computer security)
5814677,0,Shevu'ot
54116081,0,2017 Pan American Men's Club Handball Championship
2653704,0,Kettering-Oakwood Times
6993298,0,Basavaraja Devaru
36356286,0,The Young Lions (album)
44217228,0,Jenaplan schools
11729070,0,Oho!
59511640,0,Renata Viganò
3055279,0,The Adventures of Cyclops and Phoenix
14514117,0,Abdus Salam (editor)
33775309,0,Percobaltate
58604021,0,Ray Fogarty
15607591,0,The Climb (2002 film)
5279762,0,Ustevatn
21410795,0,1997–98 Toronto Maple Leafs season
41359937,0,"Louis de Beaumont, 2nd Count de Lerín"
49029033,0,Ilin
16528963,0,Sweet About Me
68920853,0,Annals of Northumbria
12874755,0,Euphorbia imerina
32228456,0,2011 Open Diputación Ciudad de Pozoblanco – Women's singles
44372982,0,Jurášek
57931628,0,Eratoidae
643886,0,Chet Huntley
3029609,0,Piman languages
58932322,0,Johan-Sebastian Christiansen
18772791,0,"Świerczów, Łódź Voivodeship"
55901763,0,Kofi Koduah Sarpong
47369623,0,"Carlisle, Minnesota"
27388248,0,Margariscus
56415806,0,1996 McDonald's All-American Boys Game
9929744,0,High Country News
53239028,0,Brett Harvey
35510806,0,Mashemeji derby
9796250,0,Dreamfall Chapters
29835696,0,Vėžaičiai
44480374,0,Rosaura Denegre Vaught
26328355,0,Shenyang North railway station
68370463,0,Lee Jin-kyu
43266325,0,Osobb Formation
18681365,0,Vantage Pointe Condominium
11855563,0,Los Angeles Contemporary Exhibitions
52796192,0,Mary Foley
37124063,0,2008 FIS Ski Jumping Grand Prix
43647324,0,Special routes of U.S. Route 401
28063231,0,Modern pentathlon at the 2010 Summer Youth Olympics
44800453,0,Béatrice Casadesus
57017503,0,"Flag of Long Beach, California"
58227719,0,Inquisitor lorenzi
36038365,0,Polytaenia nuttallii
67628333,0,Caiser Sergio Gomes
69421478,0,Wang Chin-cheng's Western House
65991878,0,Tanahun 1 (constituency)
32769183,0,Tha Faek
6329246,0,Gaor Bheinn
20852549,0,Ebenezer P. Dorr
30713171,0,1991 Refuge Assurance Cup
57737994,0,Vadim Davletshin
10164552,0,National Council on Privatisation
57307641,0,Bruneria shastana
50186838,0,Atlante (private equity fund)
75164519,0,List of horse breeds of the British Isles
19288519,0,Guizhou Normal University
35698355,0,List of People's Heroes of Yugoslavia monuments
49454775,0,Trunk Creek
39828705,0,"Representation of the People Act, 1951"
30797,0,Tarja Halonen
24129603,0,Skřinářov
36296271,0,Olli Laiho
64346227,0,Salomo Sachs
30041666,0,French cruiser Condé
20556458,0,46th Fighter Training Squadron
58663181,0,The Jazz Girl
44675868,0,Flanders lace
19051196,0,Henri Barboux
41068737,0,Babymetal / Kiba of Akiba
40576958,0,"Ilkhechi, Hashtrud"
17589681,0,I Want to Destroy America
51692017,0,Dany Marques
9858062,0,La historia del tango
60933314,0,Hipposideros bernardsigei
29628496,0,Seal Point (Graham Land)
35205229,0,Swiss Numismatic Society
15465521,0,3rd Arabian Gulf Cup
52751793,0,Mike Pelliccia
26684482,0,"Caldwell v. J. H. Findorff & Son, Inc."
25329800,0,"Solar eclipse of July 2, 2038"
59766624,0,Government Employee Fair Treatment Act of 2019
2094387,0,Yamaha TX81Z
22232696,0,Jack and Jill: A Village Story
22601953,0,Filip Ščrbec
74046428,0,District Council Eligibility Review Committee
43517454,0,Earl Keeley
38009809,0,Stutterheim Provincial Hospital
73563736,0,2023 Portsmouth City Council election
68447461,0,Hyphydrus lyratus
41418518,0,Ostorij
57317440,0,Agrilus lacustris
64479948,0,Deno Geanakoplos
50712513,0,1980 Antwerp attack
14864052,0,Pierre Garneau
68577963,0,Magnus Brekke Henriksen
67282785,0,Zoltán Mihócza
17129687,0,Duco Van Binsbergen
59772454,0,Sugar Mountain (album)
36089488,0,1960–61 Detroit Pistons season
19782802,0,Warrior Mountain Wildlife Management Area
61494533,0,William S. White
15916150,0,"Feuquières, Oise"
19307,0,Telecommunications in Mozambique
1963012,0,Láskanie
41148800,0,Universidad Laboral de Gijón
24219777,0,Scissor Sisters (convicted killers)
2780163,0,The Ringworld Throne
8241551,0,Urban Blitz
51226650,0,Aurangzeb Khan
15650458,0,Gleditsia sinensis
50960571,0,Rahul Chaudhari
74029648,0,Pellegrini Chapel (San Bernardino)
20348279,0,Podaxis
18604890,0,Verónica Ribot
33296556,0,Three Veils
22187625,0,Procus
63372498,0,Tracy Akiror
131876,0,"Upper Oxford Township, Pennsylvania"
7290012,0,Local Government Boundary Commission for England
32508806,0,Firhad Hakim
41991118,0,Cyanothamnus
6699600,0,Isola del Cantone
9857556,0,The Stourport High School and Sixth Form Centre
56072952,0,Papa Ibrahima Ba
14722549,0,Chadkirk Chapel
67140013,0,Investment Corporation of Dubai
35776736,0,Graphium kigoma
10537064,0,1361 in Ireland
13810977,0,Ludwig Pick
4731974,0,Death of a Naturalist
68501727,0,The Most Dangerous Game (disambiguation)
45452377,0,1988 Oakland Elementary School shooting
44195803,0,Det hjärta som brinner
43442463,0,Art DeFehr
54604038,0,Chimento
66185781,0,Eli Williams (baseball)
41404599,0,Guillermo Clemens
24182210,0,IOP Publishing
7167413,0,Liberty Tree Mall
36695788,0,John Sundberg
14602326,0,Henry Barakat
9216170,0,Canton of La Ciotat
59098346,0,New Mexico State Road 574
23141931,0,Special Star
54934066,0,Michel Wlassikoff
60456079,0,Secon
18672715,0,Ron Edwards (Australian politician)
17601437,0,Canadian Soccer League
11421747,0,Small nucleolar RNA SNORA27
18916058,0,USNS Wheeling
20887914,0,Fairhope Plantation
70566234,0,Ondráček
55862418,0,Swiss Handball Association
60801470,0,Results of the 2019 Australian federal election in Western Australia
32709833,0,"Coristine, Ontario"
29575688,0,USS Chickasaw (1882)
31742361,0,Cameroon Civil Aviation Authority
73867270,0,Opinion polling for the June 2023 Greek legislative election
66515137,0,Toulmout
54504106,0,Pierre Dondelinger
25361146,0,Tillandsia araujei
32656307,0,Dombarovsky District
47524992,0,Of Mind and Music
16689797,0,Regimbald
56260061,0,Savior (Iggy Azalea song)
23548655,0,Lac la Ronge
52180628,0,Demoniciduth
13719242,0,No. 86 Squadron RAAF
10811892,0,Mike Marrone
61002553,0,Committee Against Torture
7320868,0,Robert Sharrock
23311224,0,Zack Kassian
16939285,0,TinkerPlots
1512733,0,Jhelum
163234,0,Harry Potter and the Chamber of Secrets
40497507,0,Bertrando de Mignanelli
68859890,0,Notocidaris
57599890,0,Ágúst Elí Björgvinsson
74684785,0,Lê Hoàng Phương
9918787,0,Gerli Padar
59853,0,Retroreflector
10040312,0,Cecílio Lopes
65883050,0,Tomás Nistal
11307931,0,Bukit Mertajam High School
48137305,0,Orange County Blues Festival
24451697,0,Rancho Muniz
34062650,0,Rapier (disambiguation)
70182910,0,2012 in paleobotany
60303186,0,Interview Music
68648754,0,Lindsey Zurbrugg
15804014,0,WRZN
32895626,0,German encounter of Soviet T-34 and KV tanks
13047775,0,Mighty Atom (1988 video game)
21191898,0,Mariah Wright House
23930367,0,Notre Dame of Dadiangas University – Integrated Basic Education Department
17255967,0,Old York Gaol
1680720,0,"Rock, Cornwall"
4610288,0,Solanum (disambiguation)
46914391,0,San Siro Stadio (Milan Metro)
60472453,0,Adriaan Teding van Berkhout
3720182,0,Joseph Hirshhorn
3136056,0,Voyage (Ayumi Hamasaki song)
54747269,0,The Dinah Shore Show (radio program)
23691470,0,FC Lokomotiv-KMV Mineralnye Vody
3969130,0,Norman Partridge
51474097,0,"Hannon, Missouri"
48730097,0,Zdeněk Měřínský
51519844,0,Ernesto Reyes
72374450,0,Srividya filmography
13344398,0,1926 Brooklyn Robins season
27569752,0,Iglesia de Santo Tomás de Cantorbery (Avilés)
73198838,0,Juliana Borges
24190397,0,Journal of Palliative Medicine
50898325,0,Moosa Mangera
52795692,0,1956–57 NCAA men's ice hockey season
26156006,0,Grand River Dam Authority
40181155,0,Abacetus congoanus
65310444,0,American Underdog
65793925,0,1866 Williams colonial by-election
3415365,0,Val Valentino
72942249,0,1973 U.S. Pro Tennis Championships – Singles
65674311,0,Zinc cadmium phosphide arsenide
4660197,0,Ignaz Günther
4991507,0,Exeter Hawks
18906863,0,Cherryfield Historic District
35470558,0,Kessleria albomaculata
69432212,0,Consuelo De Reyes
9492793,0,1979 Minnesota Twins season
96950,0,"Sedgwick County, Colorado"
44101753,0,22 Engineer Regiment (United Kingdom)
10704490,0,Heinz Schubert
69020396,0,River Carey
36482320,0,Edward R. Murrow Park
6112282,0,Lyakhavichy District
75822617,0,Raikan
33445249,0,Ground Force One
1858192,0,Operation Flashpoint: Dragon Rising
6579266,0,"Skybridge, Chicago"
6617124,0,Pennsylvania Route 926
15671918,0,Allan Grant
36112162,0,Nicoleta Balog
10805986,0,De Krijtberg
25335958,0,Richard Worsley
57401166,0,The Funeral (Brooklyn Nine-Nine)
75782356,0,List of Microsoft games: 1979–2000
7523251,0,Nick Leckey
33832748,0,Javier Lozano Cid
41818342,0,Mount Hebron Cemetery and Gatehouse
68626302,0,Percy Anderson
48159531,0,Dylan Marron
4270213,0,Living & Dying
63645321,0,Exeter Book Riddle 33
39741704,0,Harpalus indicola
5816023,0,Michał Wójcik
2803379,0,Zanoah
18865999,0,Tommy Banner
7994183,0,Zicam
14611483,0,"East Point, Northern Territory"
13615972,0,Walter Mehring
21660253,0,Greg Richards (decathlete)
65937907,0,"Betinho (footballer, born 1992)"
5455494,0,Flores (TransMilenio)
48152183,0,David Ellis (Australian footballer)
31911412,0,Albimonas
21636689,0,Whitefish Lake (Thunder Bay District)
33402242,0,Jenni Hermoso
5076362,0,Jon Glaser
47040084,0,1716 in Sweden
71017204,0,2000 Arizona Wildcats baseball team
23606399,0,Andrei Usachyov
71475671,0,Miss Universe Australia 2022
114866,0,"Cuba, Kansas"
13768865,0,"Euan Howard, 4th Baron Strathcona and Mount Royal"
62698987,0,2020 BNP Paribas de Nouvelle-Calédonie
1121971,0,Djurgårdens IF Fotboll (women)
34334469,0,Jaffna railway station
51181082,0,Lisa Duffy
37849085,0,Quentin Townsend
45294553,0,Bob Chow
5922218,0,Spas-Klepiki
34385529,0,Vladimír Bálek
1126759,0,AC Port of Spain
58208024,0,Nazea Hasan Sayed
10074474,0,Summers baronets
28723938,0,Witkowski
75347028,0,Fakura
58691829,0,Parviz Samedov
35024630,0,1993 Rome municipal election
27099588,0,Chicoreus loebbeckei
15089261,0,List of plants poisonous to equines
38205588,0,The Man Who Changed His Name
65760837,0,Tongliao railway station
69796807,0,Saltaruccio
60736121,0,Campeonato Nacional de Juvenis
1162374,0,Network automaton
68862529,0,1977 Montana State Bobcats football team
43869875,0,Joseph Detmer
9592210,0,Flyingbolt
17983700,0,Dargouma
42383946,0,Peter Tieryas
4391631,0,Sock Monkey
21243862,0,George B. Field
12413110,0,Sonnet 95
3154434,0,Modern Library 100 Best Nonfiction
38540746,0,Costantino Barbella
8825549,0,Adam Seybert
17417025,0,1946 Tasmanian state election
74300898,0,List of programmes broadcast by Zee Marathi
24657056,0,Abdul Razak (canoeist)
26115340,0,Gejō Station
54304189,0,2017 CONCACAF Gold Cup Group C
20998165,0,"Haydentown, Pennsylvania"
19974445,0,Olivia Physical
40535641,0,Brynhild (novel)
2537213,0,"Torresdale, Philadelphia"
63837470,0,Carver Heights High School
4640623,0,Fort Bliss National Cemetery
38353612,0,EduFocal
18379323,0,Żnin-Wieś
1178165,0,Sadie Benning
57161245,0,Buesaco-Aranda Fault
53867678,0,Cythara diconus
16473198,0,Burhanuddin Harahap
28848307,0,Kurna (disambiguation)
35840678,0,Face mask (We people)
6127896,0,Szabolcs Balajcza
30060113,0,Barry Buccaneers
9836759,0,Saturday Night (Whigfield song)
40435080,0,Azatrephes paradisea
7158420,0,Clay Blair
40131341,0,University of Kentucky College of Fine Arts
498166,0,Chūō Shinkansen
31155624,0,Agniputhri
774717,0,Ernst Eckstein
37993387,0,"Company B, 1st Tennessee Heavy Artillery"
25491100,0,49th Texas Legislature
64595188,0,Anıl Piyancı
54745396,0,Laura Deloose
18695611,0,Wildfire (Michael Martin Murphey song)
73830099,0,1981–82 AC Milan season
23516429,0,Tim Brooks (historian)
55129241,0,Harry van der Hulst
18785551,0,"Cristești, Iași"
48879395,0,1961 Colorado Buffaloes football team
925740,0,Elections in the Republic of Ireland
73176368,0,Chiragh Jalta Raha
35682264,0,Synersaga pseudocathra
19032712,0,Jodłowa
67048730,0,Luxembourg women's national under-20 basketball team
66896526,0,Linnavuoriana
1826250,0,Waldemar Rosenberger
50286290,0,Wayra Q'asa
106759,0,"Queen Valley, Arizona"
18507170,0,Haranoya Station
66228012,0,Vladimir Zelenko
15685093,0,La Vieille-Loye
48504929,0,Regional opinion polling for the 2015 Spanish general election
42459405,0,The Nuclear Beauty Parlor
14487108,0,Varg Veum
41221984,0,Beeke
11757064,0,Karl Friesen
69427303,0,37th Independent Spirit Awards
34782196,0,KHSQ
15921173,0,La Fresnaie-Fayel
46519363,0,FIS Freestyle Ski and Snowboarding World Championships 2015 – Women's big air
528046,0,John Butler Trio
484563,0,Cavalier
74590762,0,Cost of Living (Delbert McClinton album)
4688133,0,New York State Route 177
46652119,0,Josep Maria Puig Doria
1882070,0,Verrophone
58759102,0,List of pipeline accidents in the United States in 1998
68815809,0,Alexa Fairchild
11658267,0,Louis Stokes Station at Windermere
25995170,0,Leptomyrmex ramorniensis
3339851,0,Athadu
494451,0,"Kita District, Kagawa"
849984,0,United States Senate Republican Policy Committee
26920098,0,Tabu by Dana
31694138,0,1950 National Challenge Cup
12552450,0,Superarchitettura
32328007,0,Jimmy Cundasamy
45366812,0,Ahn Young-mi
8578010,0,Brookfield Academy
4895134,0,West Country Carnival
64200345,0,Borella Polling Division
8654045,0,Tom Burns (bishop)
2601222,0,Brodie landing system
58077181,0,MUTYH-associated polyposis
39092544,0,Art Bridge
71427110,0,New Jeans (EP)
20174888,0,Lazăr Comănescu
19390480,0,Ourcq
33655919,0,Odostomella knudseni
68817745,0,2014 Samoa Honours and Awards
51133265,0,Paul Gallagher (trade unionist)
16373124,0,Andy Pearson
75612708,0,Forty-Seventeen
23125776,0,Emílio da Silva
65437490,0,"Willow, Michigan"
54702128,0,Newfoundland and Labrador Route 239
103356,0,Automata theory
20886175,0,Pritam Debnath
2073970,0,The Secret of Pirates' Hill
43983912,0,"Lee Seung-joon (actor, born 1973)"
69359635,0,Stanislav Micinski
52765821,0,Monastery of Mohill-Manchan
2452965,0,English Institute of Sport
18791053,0,Old Livery Stable
25010370,0,Dongwuyuan (Beijing Zoo) station
22098625,0,Coleps
45644368,0,Peace Through Law Association
66706165,0,Cabinet of Enrique Hertzog
43662024,0,1989 NBL season
1795164,0,Regium Donum
75361732,0,Dellwood Reservoir
10791735,0,Fisherman's Gat
32587206,0,Ralph Maxwell (athlete)
